a-bud1,e0601n.nrf,p1,{94B2F49B-DE82-402A-B18E-DEBB07B523CF}
a-bud2,e0602n.nrf,p2,{D32E9FDB-57C8-4A77-B432-D635002B16D1}
a-bud3,e0603n.nrf,p3,{8F7B4B05-A62F-4EAB-8F45-FB20BF6181F9}
a-bud4,e0604n.nrf,p4,{D5150381-9FD7-409A-843D-C4F3FE028956}
a-bud5,e0605n.nrf,p5,{A9ACCBAB-597E-4144-AF0C-99F3A2935C77}
a-bud6,e0606n.nrf,p6,{A7CBDD1C-33C0-4C8F-ABF0-A064E3CEC307}
a-bud7,e0607n.nrf,p7,{D62FE521-DF55-4023-A219-FB9B0CD5DD51}
a-bud8,e0608n.nrf,p8,{074E7FB7-3C15-4FF4-ABE2-3AC41DFFC1AF}
a-bya10,e0810n.nrf,p9,{7D2F9E88-B057-493F-9F8D-A3B5A533E51D}
a-bya11,e0811n.nrf,p10,{95D2618F-AA36-47C3-ACB4-7A7331107521}
a-bya12,e0812n.nrf,p11,{8DC68B8E-329C-430B-AEF5-98F5FD8B1257}
a-bya13,e0813n.nrf,p12,{838749CE-779B-4E08-9AC0-38387E8F52E7}
a-bya1,e0801n.nrf,p13,{C7C79556-1FD3-4BE1-8980-C042CBABA108}
a-bya2,e0802n.nrf,p14,{AC39E9FF-496C-43AE-91F9-3AF366FB0D38}
a-bya3,e0803n.nrf,p15,{13E05A30-F810-4C0B-AF45-EE65B70D618C}
a-bya4,e0804n.nrf,p16,{FECFA170-208A-4291-AB7F-0ECE8B960AFD}
a-bya5,e0805n.nrf,p17,{BC46281B-5A31-4C90-8420-53CFD4D8B6F3}
a-bya6,e0806n.nrf,p18,{D877F227-A2BB-4D37-A661-2129F506AEB2}
a-bya7,e0807n.nrf,p19,{5D71DC1E-D6BB-4904-A369-D5B1E7CEB1D1}
a-bya8,e0808n.nrf,p20,{4810F395-B82A-4068-8FD7-792ACB9948EA}
a-bya9,e0809n.nrf,p21,{BA0364E2-53C1-4277-BEA8-E0A02FF5422E}
a-led1,e0201n.nrf,p22,{2EC7A429-9DFC-4095-A1BE-08809F9DFCCB}
a-led2,e0301n.nrf,p23,{255410EB-9CA5-44B2-AF40-4D4A25C8419F}
a-led3,e0401n.nrf,p24,{5735ED63-4F13-42BA-AAD5-029F66E60115}
a-led4,e0501n.nrf,p25,{422BA8D4-D3CC-44B3-A164-62FD2EA750E1}
a-nit10,e1010n.nrf,p26,{231ECE5B-F5A0-47C2-B68C-7EE1BA4573B9}
a-nit1,e1001n.nrf,p27,{FCB863FC-8A52-4085-8C22-E7669D474373}
a-nit2,e1002n.nrf,p28,{9C8C52BC-D08F-42C8-9F88-4871E549F310}
a-nit3,e1003n.nrf,p29,{F492B99D-C705-4ADE-AE6C-AD6EEB5D5B62}
a-nit4,e1004n.nrf,p30,{542745B5-4249-42A5-962B-E87B8EE7B6F9}
a-nit5,e1005n.nrf,p31,{C3FDD7DB-6C6A-4158-86F1-32F8BC0EE4A9}
a-nit6,e1006n.nrf,p32,{C29BEDE2-63F1-4D1B-BD5F-5A962D633CAD}
a-nit7,e1007n.nrf,p33,{8606264E-36CD-42E1-933A-7F0F21D8F480}
a-nit8,e1008n.nrf,p34,{4BA38C3D-3AC7-4A09-9698-58B6B728F4D9}
a-nit9,e1009n.nrf,p35,{76FEBA35-D87F-48DB-A745-E3186C95032C}
a-pak1,e1101n.nrf,p36,{EE75C35C-7261-40A7-9FDA-DBEFA2BC7BBA}
a-pak2,e1102n.nrf,p37,{77D6F132-5C0A-4903-8904-EBA743EA2EC6}
a-pak3,e1103n.nrf,p38,{DC4805D8-B7F0-4BE2-BB04-365B89FDBB67}
a-sam1,e0901n.nrf,p39,{EFF7CEDF-E127-4E96-9DED-E26E8C48BC3E}
a-sam2,e0902n.nrf,p40,{2ECEAC8F-AADC-4D70-A0B7-41550286A0FC}
a-sam3,e0903n.nrf,p41,{155E2D85-4B0C-4B3F-A982-F6F0476AFD21}
a-sam4,e0904n.nrf,p42,{D926A463-9B32-40A0-99FE-1B43885E7FC1}
a-sam5,e0905n.nrf,p43,{4D849B21-84A4-469D-B23A-03FBAF899A7A}
a-sam6,e0906n.nrf,p44,{94E0AEB3-5E09-4AC2-A4C3-E8F4D9307F93}
a-sam7,e0907n.nrf,p45,{BA64AA30-D9F2-4A99-9C5A-28A23A145529}
a-sih10,e1210n.nrf,p46,{3DD16FB7-08FD-414F-A48B-9FF8176548CF}
a-sih11,e1211n.nrf,p47,{B2BC25CD-D986-4758-A6E8-B8B288DACB75}
a-sih12,e1212n.nrf,p48,{3EA6C675-817D-4585-BE84-F55AFBB6891B}
a-sih13,e1213n.nrf,p49,{7A47A5ED-9A32-4CD9-8A77-559BE6B632F0}
a-sih14,e1214n.nrf,p50,{0563E071-A762-4E70-BF42-EEF067873ABD}
a-sih15,e1215n.nrf,p51,{0AA3FAF7-DD6D-4AF3-8617-29541865B7AB}
a-sih1,e1201n.nrf,p52,{AA309B77-B42E-4526-9E5D-E04EEEB9BF16}
a-sih2,e1202n.nrf,p53,{2A4738A2-9D94-454F-92E0-2CB085724726}
a-sih3,e1203n.nrf,p54,{92185A9F-66F9-470A-83A8-5EE53A604AAE}
a-sih4,e1204n.nrf,p55,{411DBD4E-AC98-46DD-A2BD-B32563D82862}
a-sih5,e1205n.nrf,p56,{533ACD47-F326-4385-9EAD-2F624041D30D}
a-sih6,e1206n.nrf,p57,{F2FDD43E-DEA3-495D-9E7A-1FF0BA9BD73F}
a-sih7,e1207n.nrf,p58,{5B90D912-EF13-4B39-839B-83F183DFF13D}
a-sih8,e1208n.nrf,p59,{13BC7F2D-FC57-4425-8ABB-01D843F19795}
a-sih9,e1209n.nrf,p60,{12CF1F31-C2E9-4A54-AB91-CA3A99D46A43}
a-vam1,e0701n.nrf,p61,{E2CD26DB-75C7-4831-9D6C-4F71F5BE1C4B}
a-vam2,e0702n.nrf,p62,{17542320-28EA-4A31-8448-8E48FF607B07}
a-vam3,e0703n.nrf,p63,{446EC4BA-9575-4650-9AE8-5809FA238573}
a-vis1,e0101n.mul,p64,{563E551F-C764-44AE-B13F-0E1FFD0D3CD0}
a-vis2,e0102n.mul,p65,{CD4BEB08-539E-451B-BE96-3D8B47E2D607}
a-vis3,e0103n.att,p66,{42A027B5-4594-4462-AAF7-528A52407B03}
a-vis4,e0104n.att,p67,{437E5266-22A1-4EDD-8538-C18194672B74}
a-vis5,e0105n.nrf,p68,{8F404D1C-2156-40CE-909C-5700C05C47C0}
abhp10,abh03m8.mul,p69,{8FE904E3-C638-4D0F-B1D1-5321BAFFB6CB}
abhp11,abh03m9.mul,p70,{A3FC849C-6728-4AED-9443-A75AFEAB55D3}
abhp12,abh03m10.mul,p71,{555E2A71-EA3D-434D-820C-C981BE03A154}
abhp13,abh03m11.mul,p72,{204A125F-2256-475B-85B3-1C24D2092BDF}
abhp1,abh01m.mul,p73,{A314F055-D719-4C87-BE90-50CEA09553B4}
abhp2,abh02m.mul,p74,{0A37546F-D7CC-4951-86D7-1F6539159BF3}
abhp3,abh03m1.mul,p75,{4C3CB36A-C2B8-415C-9468-C4EA4CFA376D}
abhp4,abh03m2.mul,p76,{E74BE5D7-FAEC-4562-9FF0-E412E8939E98}
abhp5,abh03m3.mul,p77,{71285E73-6477-494F-8059-03EBF43D9092}
abhp6,abh03m4.mul,p78,{87EFD720-F644-4944-94A8-2050F8A0F844}
abhp7,abh03m5.mul,p79,{43F31991-55B8-4A1D-9AF3-88AE865EC609}
abhp8,abh03m6.mul,p80,{D6E7FBE2-E4CD-4810-B119-5BE5CFFCF7B6}
abhp9,abh03m7.mul,p81,{ED86406A-8CE8-4C01-A70C-1CBE1D014139}
an10,s0404m3.mul,p82,{05F28790-22DA-4C59-9FF2-71CA31C3464C}
an11,s0404m4.mul,p83,{AA851AFE-AEF7-4663-ADA1-96ED8C037B75}
an1,s0401m.mul,p84,{CD0FAE2F-6C4C-4E89-BA39-87C996F4007E}
an2,s0402m1.mul,p85,{A98F4F20-17AF-4841-A328-CE0860EB6C52}
an3,s0402m2.mul,p86,{627B13E7-EB4B-48A6-9355-0A2DB8F4DE86}
an4,s0402m3.mul,p87,{59F51CE0-2807-4695-B1C9-D6BDF0E7A152}
an5,s0403m1.mul,p88,{F7569178-2B97-4F10-97C5-5AE89C91C506}
an6,s0403m2.mul,p89,{8498B132-57C8-4588-904B-EAF710C47A15}
an7,s0403m3.mul,p90,{914566B5-ABBC-4D54-85AF-D8F8F0A83650}
an8,s0404m1.mul,p91,{B3BD62FF-0105-4F5D-9C08-5F4AA4BF10CF}
an9,s0404m2.mul,p92,{773ECA64-3515-4CF6-8098-FE54F87831E3}
dn1,s0101m.mul,p93,{546BC8B7-2BE7-422B-952B-FFE1AF208A7A}
dn2,s0102m.mul,p94,{F06EFE61-882C-4C04-B133-384F4D655F0A}
dn3,s0103m.mul,p95,{6E22E53C-2177-41DA-8B79-A1824005F0F4}
k-abh1,abh01a.att,p96,{AD0BA338-4D82-442A-A3BA-4F3D2FF66733}
k-abh2,abh02a.att,p97,{E22018C1-C022-49A2-92C3-EB4539132120}
k-abh3,abh03a.att,p98,{111FE6ED-630B-4BF4-AF4B-397767388AD4}
k-an1,s0401a.att,p99,{F7C20C39-FB0A-41AB-8A5A-4C134A6F506B}
k-an2,s0402a.att,p100,{7E886C52-9B5A-4FBC-BF64-B453393A080E}
k-an5,s0403a.att,p101,{B3EB92D4-0E71-4ACF-8AA2-057E2426737A}
k-an8,s0404a.att,p102,{94C37D7F-F770-442A-A96E-431045CC1D05}
k-dn1,s0101a.att,p103,{9577C55F-55EC-482F-BC45-BBDA166903E2}
k-dn2,s0102a.att,p104,{265586E0-AF1B-40D6-A4EE-D75805D7CB51}
k-dn3,s0103a.att,p105,{FD6699C9-3674-4225-A1E4-1B5D83116B3A}
k-kn10,s0509a.att,p106,{6873F547-930C-44A5-985F-A6FD9EFFCA17}
k-kn11,s0510a.att,p107,{A340A081-A390-46E7-92E0-EB2CECD35089}
k-kn12,s0511a.att,p108,{03ADDA5F-D552-4483-9D1C-4B834499ACD5}
k-kn13,s0512a.att,p109,{DD742AA9-140D-4343-9FEF-E643E15B6A97}
k-kn14,s0513a1.att,p110,{341326E9-298F-4CAC-9204-DBC304BAD938}
k-kn15,s0513a2.att,p111,{8498D798-572D-4CE0-AD8C-A257B15476BE}
k-kn16,s0513a3.att,p112,{997DE366-3AA4-43B2-920A-8F7DF77F2C85}
k-kn17,s0513a4.att,p113,{1B1056DB-6DF8-4DBA-9724-D241EEBC177C}
k-kn18,s0514a1.att,p114,{557AC2D1-6D37-4719-BCC9-BF56089ED553}
k-kn19,s0514a2.att,p115,{B0637B4D-15B4-49A6-84A7-27CF364321EA}
k-kn1,s0501a.att,p116,{5883C69A-FBDB-4ADE-BF12-71DCBC641FA6}
k-kn20,s0514a3.att,p117,{36030220-EB18-4641-BADD-72F0B12C3A68}
k-kn21,s0515a.att,p118,{6AFB3645-F836-4699-9298-A8178460ECA5}
k-kn22,s0516a.att,p119,{EDCE42E2-C5B7-4306-8BAE-D91A3F28CD84}
k-kn23,s0517a.att,p120,{6BC6D2DE-9078-49B8-8F70-08EB491E1940}
k-kn24,s0519a.att,p121,{8F74360F-2E8A-4AB3-8653-F13029450E14}
k-kn2,s0502a.att,p122,{166EB8DE-B657-47F0-BE13-0AB2DDA5F109}
k-kn3,s0503a.att,p123,{956A7EBB-80F8-48BA-8D51-066F6675B28A}
k-kn4,s0504a.att,p124,{6EFB81F9-36B4-4C00-9385-CAC9A5F055D8}
k-kn5,s0505a.att,p125,{A89A98B3-AE99-46EA-BBFA-7F4112042FA6}
k-kn6,s0506a.att,p126,{E9960AE2-7955-4E62-B1DE-5FAB99DF41CF}
k-kn7,s0507a.att,p127,{A984069A-8209-40F2-B3A9-85E6FBE09B0F}
k-kn8,s0508a1.att,p128,{9D45A3FB-4E15-482F-B832-7E9F5AFCED07}
k-kn9,s0508a2.att,p129,{F7DEC004-4A57-4E7B-AD9A-161AF805BCB6}
k-mn1,s0201a.att,p130,{AFE328F5-7082-4718-89A4-6167F0167549}
k-mn2,s0202a.att,p131,{E1C7C84D-D071-4DD6-81CE-FD460B19FC1F}
k-mn3,s0203a.att,p132,{D430E9DC-FF14-4F80-9377-AE9E898FA817}
k-sn1,s0301a.att,p133,{20FC3CBF-5779-46FC-B303-5B1A7C46393A}
k-sn2,s0302a.att,p134,{38AC7972-BE8B-44FF-9405-826D467E83B8}
k-sn3,s0303a.att,p135,{DD604EF1-0430-4B62-B58C-0B666FFF2C28}
k-sn4,s0304a.att,p136,{017C390E-A31B-44B1-A3AE-723ABF9A93A8}
k-sn5,s0305a.att,p137,{CA67218F-052F-414E-A958-C21CEA4168DD}
k-vin1,vin01a.att,p138,{5A547FC9-26C3-40DE-B6B8-659541908446}
k-vin2,vin02a1.att,p139,{4874C43F-94E9-4C1E-941B-31F6987B360A}
k-vin3,vin02a2.att,p140,{16C6EC91-0DA7-4587-A287-60E87C6B21AC}
k-vin4,vin02a3.att,p141,{F3C59DC1-090F-445B-9F12-F8B041DEDDEA}
k-vin5,vin02a4.att,p142,{5AE3F33F-C6F8-43E4-9025-FEF153D9D95C}
kn10,s0510m1.mul,p143,{2C007B50-D87D-4236-A17E-DE31F17BE33D}
kn11,s0510m2.mul,p144,{DE2A2581-4DC4-42C4-8A7F-7921DCF58ED0}
kn12,s0511m.mul,p145,{5074D6A5-D672-4DFA-B0FF-9E16A7C61B43}
kn13,s0512m.mul,p146,{D0EACF05-B169-48DF-AEDA-A2692A3A8B16}
kn14b,s0514m.mul,p147,{584F5FBC-995D-4DBC-941D-9551834BB79F}
kn14,s0513m.mul,p148,{1B78201E-EDD9-44E3-8F9C-9C411696F086}
kn15,s0515m.mul,p149,{953C3D5C-3758-434B-AE8C-7B42F007EE32}
kn16,s0516m.mul,p150,{E2AADF85-2CC7-4A60-8E75-37DC997951D5}
kn17,s0517m.mul,p151,{F7CA9449-F017-487C-BE45-B0BF61B0F503}
kn18,s0518m.nrf,p152,{7568BCC0-82E9-4073-A34F-5C6DCBFB484A}
kn19,s0519m.mul,p153,{0E4FD078-06B1-4190-ADE4-AB9B1D88D639}
kn1,s0501m.mul,p154,{72531360-EB14-4637-A864-DA95EC0A5427}
kn20,s0520m.nrf,p155,{F9301E11-520F-40FB-AA47-F72C92E84222}
kn2,s0502m.mul,p156,{30871C4B-E8C7-4261-AB44-F532CA9D1BEA}
kn3,s0503m.mul,p157,{DEA640DE-369B-449E-9FA6-0699A9BCAD67}
kn4,s0504m.mul,p158,{D70C0BC4-C386-48F1-B36A-D9A87AB616E5}
kn5,s0505m.mul,p159,{65F35154-3BDA-4B29-8116-7F24C22A5FA1}
kn6,s0506m.mul,p160,{B8C4E00D-60C6-4B62-B8FC-313A5DD79AC5}
kn7,s0507m.mul,p161,{21C30C9D-F2BB-41DA-BE6B-50D4077E8EF6}
kn8,s0508m.mul,p162,{3C1CE8E2-6A7F-4078-8897-59DF7B57AF11}
kn9,s0509m.mul,p163,{27F0DE34-BE3E-4C6C-B834-713BA63E45A8}
mn1,s0201m.mul,p164,{B15064D7-D05D-446F-BA35-42F29504F61C}
mn2,s0202m.mul,p165,{5C727338-66BA-476C-9B8B-B1C57AB82D2A}
mn3,s0203m.mul,p166,{E1D8C2F9-88D3-46BE-8F5B-E57FA46F8005}
sn1,s0301m.mul,p167,{95C8A1FB-C0C6-485C-95F6-4863FCC5F5C5}
sn2,s0302m.mul,p168,{C966DE38-B912-4D9D-8CC0-7D79D3D908DB}
sn3,s0303m.mul,p169,{397DEF5D-1861-4591-95A3-EE5B91E3B0E4}
sn4,s0304m.mul,p170,{536171A1-14F9-411D-A0E1-B356B1C544DF}
sn5,s0305m.mul,p171,{675E9C56-DC05-4C97-B4ED-6CF1ADAA6854}
t-abh1,abh01t.tik,p172,{766705B9-EE9B-463F-B367-0698AA0C85B8}
t-abh2,abh02t.tik,p173,{D5CAEEBA-7F03-409D-B39A-ACB108DD667B}
t-abh3,abh03t.tik,p174,{FA672B65-1B9C-4616-947E-8443B6828829}
t-abh4,abh04t.nrf,p175,{1BE63ED2-179D-4A76-BBA1-0701093C2918}
t-abh5,abh05t.nrf,p176,{0D136A5A-03B6-4030-806C-FEDF4811B81E}
t-abh6,abh06t.nrf,p177,{68289446-8BA4-41A3-B174-04F69A392CB3}
t-abh7,abh07t.nrf,p178,{548E6C7D-39A1-4457-A070-260D6F20A39C}
t-abh8,abh08t.nrf,p179,{17AE42DB-DC1C-49CD-86F0-7807AE7188AA}
t-abh9,abh09t.nrf,p180,{AA74D5CE-56B9-4D88-B100-086B685675C1}
t-an1,s0401t.tik,p181,{AA905B50-1C8D-40E3-A6B1-8876CD29C8D8}
t-an2,s0402t.tik,p182,{79C6DD1F-5959-4481-A1F1-0898E94C624F}
t-an3,s0403t.tik,p183,{33CEF6C4-114F-468D-BCFC-AEB1BE688C0F}
t-an4,s0404t.tik,p184,{66C49C51-4F04-4A79-9F5B-0B3337625BBD}
t-dn1,s0101t.tik,p185,{88A413F9-945C-48A3-A66D-C492B1A59EB9}
t-dn2,s0102t.tik,p186,{7B4F52D1-8F39-4905-B2C4-CA5361CB6C89}
t-dn3,s0103t.tik,p187,{2D010214-04EA-4E82-8C63-445F34DAEC76}
t-dn4,s0104t.nrf,p188,{689FF547-0108-4FD0-AA18-04D84CF10A52}
t-dn5,s0105t.nrf,p189,{80B9D772-C990-4062-B903-1F47045A0E1A}
t-kn1,s0519t.tik,p190,{67516A07-1756-42D1-AE22-F3FABCBFB2FF}
t-kn2,s0501t.nrf,p191,{4B4EBE17-DA62-48AC-91AA-DC628A7A1458}
t-mn1,s0201t.tik,p192,{945176E9-CBD1-438B-B857-7E630B558CDD}
t-mn2,s0202t.tik,p193,{9E5B6891-0CBA-4A5C-934F-2BBEB941D3FA}
t-mn3,s0203t.tik,p194,{BBEEF3FB-C1BF-4136-B325-FE19988BD7BD}
t-sn1,s0301t.tik,p195,{84913E66-08D3-4550-800C-0D79A82FE132}
t-sn2,s0302t.tik,p196,{06A3DE46-0AE3-43A4-B009-773A95895407}
t-sn3,s0303t.tik,p197,{04F55A6B-0788-4AE8-909F-98E5D7FDDAE0}
t-sn4,s0304t.tik,p198,{AAEF4F0D-7656-49E7-BB41-50C4984016A0}
t-sn5,s0305t.tik,p199,{99CA05B8-6FC4-4D34-B583-C52E2E2938EF}
t-vin10,vin10t.nrf,p200,{B3627369-C55E-43E2-AE7C-E84620062C26}
t-vin11,vin11t.nrf,p201,{2245B4A2-9C9B-44F0-AFE4-DB4A26F83F31}
t-vin12,vin12t.nrf,p202,{1A78584B-465B-48E3-BEFF-87BDA7161520}
t-vin13,vin13t.nrf,p203,{1EBD2217-FFCF-4D90-B89F-9DD345AF2C8B}
t-vin1,vin01t1.tik,p204,{648A3C20-CA97-44AA-AB17-AF72A4FCC76E}
t-vin2,vin01t2.tik,p205,{483BC308-9E2C-4329-8B9D-BA5D7E2A69EE}
t-vin3,vin02t.tik,p206,{83414B1E-1D97-45AA-A592-6DEFB5E88AA6}
t-vin4,vin04t.nrf,p207,{DA8BB826-43BA-4432-9C7D-8E5D6D376979}
t-vin5,vin05t.nrf,p208,{DE8828C9-E6B6-4B70-B821-E15B7E11BE7D}
t-vin6,vin06t.nrf,p209,{BE927689-47B8-4933-88DF-9B8D37018702}
t-vin7,vin07t.nrf,p210,{35A29A8C-CAF5-471A-8ACC-1410E0830DB4}
t-vin8,vin08t.nrf,p211,{B0A5F8F8-62F6-400D-968D-B39DCB675D6D}
t-vin9,vin09t.nrf,p212,{6FEB2CD4-DF0F-4E57-988C-4EFF157CA2D4}
vin1,vin01m.mul,p213,{601D1C54-9230-41BE-A522-A0BA74F684AF}
vin2,vin02m1.mul,p214,{1007C075-C3B8-4CFE-B806-214CF1A81323}
vin3,vin02m2.mul,p215,{08250A5A-5F5C-4013-B352-BA75DFFEB18F}
vin4,vin02m3.mul,p216,{BFBADCC6-7657-47F2-AA3C-638892ACF11F}
vin5,vin02m4.mul,p217,{89F7BFEE-2B79-4917-BE40-6AECDD256122}
