736446,34,1,0,0
736447,34,1,1,0
736448,34,1,2,0
736449,34,1,3,0
736450,34,1,4,0
736451,34,2,191206,0
736452,34,3,6,0
736453,34,4,191207,0
736454,34,4,8,0
736455,34,4,191208,0
736456,34,4,186125,0
736457,34,5,18732,0
736458,34,5,29254,0
736459,34,5,163704,0
736460,34,6,3155,0
736461,34,6,180054,0
736462,34,6,14072,0
736463,34,6,24238,0
736464,34,7,191209,0
736465,34,7,186129,0
736466,34,8,24,0
736467,34,9,186130,0
736468,34,9,46637,0
736469,34,10,186131,0
736470,34,10,186132,0
736471,34,11,971,0
736472,34,11,191210,0
736473,34,11,31258,0
736474,34,12,45630,0
736475,34,12,2896,0
736476,34,12,12283,0
736477,34,13,30,0
736478,34,14,191211,0
736479,34,14,61,0
736480,34,14,191212,0
736481,34,15,189380,0
736482,34,15,49449,0
736483,34,16,186394,0
736484,34,16,26302,0
736485,34,16,2884,0
736486,34,17,6503,0
736487,34,17,2147,0
736488,34,17,26302,0
736489,34,18,42,0
736490,34,19,32559,0
736491,34,19,130,0
736492,34,19,286,0
736493,34,19,1948,0
736494,34,19,1163,0
736495,34,20,33184,0
736496,34,20,50072,0
736497,34,20,523,0
736498,34,20,12302,0
736499,34,21,307,0
736500,34,21,186282,0
736501,34,22,15944,0
736502,34,22,683,0
736503,34,22,191213,0
736504,34,23,47,0
736505,34,24,186297,0
736506,34,24,214,0
736507,34,24,83799,0
736508,34,25,186298,0
736509,34,25,189519,0
736510,34,26,191214,0
736511,34,26,37768,0
736512,34,27,31,0
736513,34,27,5831,0
736514,34,27,191215,0
736515,34,28,59,0
736516,34,29,191216,0
736517,34,29,186311,0
736518,34,30,107237,0
736519,34,30,7835,0
736520,34,30,186002,0
736521,34,31,186312,0
736522,34,31,186313,0
736523,34,32,186314,0
736524,34,32,26302,0
736525,34,33,72,0
736526,34,34,190295,0
736527,34,34,278,0
736528,34,35,186322,0
736529,34,36,186323,0
736530,34,36,191217,0
736531,34,37,186324,0
736532,34,37,3248,0
736533,34,37,105367,0
736534,34,38,77,0
736535,34,39,26996,0
736536,34,39,348,0
736537,34,39,191218,0
736538,34,39,3310,0
736539,34,40,33316,0
736540,34,40,191218,0
736541,34,40,10691,0
736542,34,41,76119,0
736543,34,41,191218,0
736544,34,41,2884,0
736545,34,42,12674,0
736546,34,42,16052,0
736547,34,42,191218,0
736548,34,43,89,0
736549,34,44,3993,0
736550,34,44,35682,0
736551,34,44,3994,0
736552,34,44,35722,0
736553,34,45,451,0
736554,34,45,3230,0
736555,34,45,191219,0
736556,34,46,457,0
736557,34,46,17311,0
736558,34,46,186431,0
736559,34,47,186432,0
736560,34,47,190264,0
736561,34,48,102,0
736562,34,49,191220,0
736563,34,49,412,0
736564,34,49,137418,0
736565,34,49,9840,0
736566,34,50,457,0
736567,34,50,286,0
736568,34,50,191221,0
736569,34,51,683,0
736570,34,51,3310,0
736571,34,51,16299,0
736572,34,51,28038,0
736573,34,52,457,0
736574,34,52,286,0
736575,34,52,191222,0
736576,34,53,114,0
736577,34,54,186356,0
736578,34,54,471,0
736579,34,54,36476,0
736580,34,55,186357,0
736581,34,55,186358,0
736582,34,56,14863,0
736583,34,56,7835,0
736584,34,56,108359,0
736585,34,56,13296,0
736586,34,57,5655,0
736587,34,57,186360,0
736588,34,57,57265,0
736589,34,58,122,0
736590,34,59,186361,0
736591,34,59,564,0
736592,34,59,25946,0
736593,34,59,50072,0
736594,34,60,186362,0
736595,34,60,25946,0
736596,34,60,1948,0
736597,34,61,307,0
736598,34,61,186363,0
736599,34,61,186364,0
736600,34,62,186358,0
736601,34,62,457,0
736602,34,62,7835,0
736603,34,62,186356,0
736604,34,63,129,0
736605,34,64,186556,0
736606,34,64,638,0
736607,34,64,191223,0
736608,34,65,186558,0
736609,34,65,129882,0
736610,34,66,191224,0
736611,34,66,7223,0
736612,34,66,2290,0
736613,34,67,186559,0
736614,34,67,191225,0
736615,34,68,144,0
736616,34,69,63849,0
736617,34,69,754,0
736618,34,69,191226,0
736619,34,70,189480,0
736620,34,70,38991,0
736621,34,71,96023,0
736622,34,71,523,0
736623,34,71,7223,0
736624,34,71,2290,0
736625,34,72,191227,0
736626,34,72,8284,0
736627,34,72,1355,0
736628,34,73,153,0
736629,34,74,30592,0
736630,34,74,17311,0
736631,34,74,45630,0
736632,34,75,191228,0
736633,34,75,191229,0
736634,34,76,191230,0
736635,34,76,17311,0
736636,34,76,45630,0
736637,34,77,580,0
736638,34,77,4964,0
736639,34,77,191231,0
736640,34,78,161,0
736641,34,79,78727,0
736642,34,79,842,0
736643,34,79,12,0
736644,34,79,191232,0
736645,34,80,191233,0
736646,34,80,23897,0
736647,34,81,191234,0
736648,34,81,12530,0
736649,34,81,12674,0
736650,34,82,191235,0
736651,34,82,191236,0
736652,34,83,172,0
736653,34,84,31157,0
736654,34,84,925,0
736655,34,84,191237,0
736656,34,85,186958,0
736657,34,85,186959,0
736658,34,86,186960,0
736659,34,86,189819,0
736660,34,87,31,0
736661,34,87,1985,0
736662,34,87,189820,0
736663,34,88,181,0
736664,34,89,67942,0
736665,34,89,186945,0
736666,34,90,28071,0
736667,34,90,186946,0
736668,34,91,186947,0
736669,34,91,2662,0
736670,34,91,35999,0
736671,34,92,186948,0
736672,34,92,186949,0
736673,34,93,197,0
736674,34,94,3457,0
736675,34,94,1002,0
736676,34,94,186969,0
736677,34,94,35999,0
736678,34,94,31,0
736679,34,95,597,0
736680,34,95,191238,0
736681,34,95,50041,0
736682,34,96,191239,0
736683,34,96,191240,0
736684,34,97,43295,0
736685,34,97,191241,0
736686,34,97,1355,0
736687,34,98,212,0
736688,34,99,457,0
736689,34,99,1080,0
736690,34,99,90342,0
736691,34,99,191242,0
736692,34,100,186961,0
736693,34,100,457,0
736694,34,100,90342,0
736695,34,101,11929,0
736696,34,101,191243,0
736697,34,101,35999,0
736698,34,102,21187,0
736699,34,102,80015,0
736700,34,103,228,0
736701,34,104,73100,0
736702,34,104,1167,0
736703,34,104,32781,0
736704,34,104,186953,0
736705,34,105,42246,0
736706,34,105,186954,0
736707,34,106,191244,0
736708,34,106,191245,0
736709,34,107,9974,0
736710,34,107,186957,0
736711,34,108,243,0
736712,34,109,191246,0
736713,34,110,188510,0
736714,34,111,187593,0
736715,34,111,187594,0
736716,34,112,191247,0
736717,34,112,77063,0
736718,34,113,256,0
736719,34,114,457,0
736720,34,114,1237,0
736721,34,114,35999,0
736722,34,114,1034,0
736723,34,114,3744,0
736724,34,115,457,0
736725,34,115,1034,0
736726,34,115,35718,0
736727,34,115,3744,0
736728,34,116,992,0
736729,34,116,523,0
736730,34,116,12512,0
736731,34,117,191248,0
736732,34,117,286,0
736733,34,117,25354,0
736734,34,117,1209,0
736735,34,118,270,0
736736,34,119,50340,0
736737,34,119,1320,0
736738,34,119,22905,0
736739,34,119,286,0
736740,34,120,8858,0
736741,34,120,186905,0
736742,34,121,30225,0
736743,34,121,1985,0
736744,34,121,11085,0
736745,34,122,26452,0
736746,34,122,7835,0
736747,34,122,186906,0
736748,34,123,284,0
736749,34,124,50340,0
736750,34,124,191249,0
736751,34,125,176506,0
736752,34,125,191250,0
736753,34,125,2626,0
736754,34,126,62631,0
736755,34,126,186909,0
736756,34,126,28984,0
736757,34,127,191251,0
736758,34,127,366,0
736759,34,127,191252,0
736760,34,127,1271,0
736761,34,128,300,0
736762,34,129,28984,0
736763,34,129,1402,0
736764,34,129,79393,0
736765,34,129,47861,0
736766,34,129,79393,0
736767,34,130,134091,0
736768,34,130,191253,0
736769,34,130,47861,0
736770,34,131,29049,0
736771,34,131,191254,0
736772,34,131,28984,0
736773,34,132,47861,0
736774,34,132,11532,0
736775,34,132,191255,0
736776,34,133,322,0
736777,34,134,191256,0
736778,34,134,1496,0
736779,34,134,70153,0
736780,34,135,189572,0
736781,34,135,191257,0
736782,34,136,50294,0
736783,34,136,191258,0
736784,34,137,88570,0
736785,34,137,191259,0
736786,34,137,286,0
736787,34,138,346,0
736788,34,139,4234,0
736789,34,139,1578,0
736790,34,139,191260,0
736791,34,140,191261,0
736792,34,140,191262,0
736793,34,141,50517,0
736794,34,141,191263,0
736795,34,142,191264,0
736796,34,142,50340,0
736797,34,143,368,0
736798,34,144,191265,0
736799,34,144,1658,0
736800,34,144,5138,0
736801,34,144,189869,0
736802,34,145,83815,0
736803,34,145,189869,0
736804,34,145,187531,0
736805,34,146,703,0
736806,34,146,6589,0
736807,34,146,189869,0
736808,34,147,187530,0
736809,34,147,187531,0
736810,34,148,379,0
736811,34,149,70966,0
736812,34,149,191266,0
736813,34,150,191267,0
736814,34,150,4607,0
736815,34,150,286,0
736816,34,151,191268,0
736817,34,151,191269,0
736818,34,152,191270,0
736819,34,152,168072,0
736820,34,153,385,0
736821,34,154,184222,0
736822,34,154,1712,0
736823,34,154,8036,0
736824,34,154,191271,0
736825,34,155,191272,0
736826,34,155,8284,0
736827,34,155,184222,0
736828,34,156,34876,0
736829,34,156,191273,0
736830,34,157,191274,0
736831,34,157,3949,0
736832,34,157,184222,0
736833,34,158,395,0
736834,34,159,191275,0
736835,34,159,1798,0
736836,34,159,9376,0
736837,34,160,60812,0
736838,34,160,191276,0
736839,34,160,24066,0
736840,34,161,191277,0
736841,34,161,238,0
736842,34,161,21,0
736843,34,162,191278,0
736844,34,162,184222,0
736845,34,163,402,0
736846,34,164,191279,0
736847,34,164,191280,0
736848,34,164,100033,0
736849,34,165,134295,0
736850,34,165,191281,0
736851,34,165,69663,0
736852,34,166,64609,0
736853,34,166,30630,0
736854,34,166,191282,0
736855,34,167,1209,0
736856,34,167,29636,0
736857,34,167,14582,0
736858,34,168,13545,0
736859,34,169,189514,0
736860,34,169,1884,0
736861,34,169,186514,0
736862,34,170,19087,0
736863,34,170,152898,0
736864,34,170,286,0
736865,34,171,186515,0
736866,34,171,83383,0
736867,34,172,22460,0
736868,34,172,457,0
736869,34,172,80015,0
736870,34,173,13553,0
736871,34,174,186681,0
736872,34,174,1978,0
736873,34,175,1209,0
736874,34,175,186682,0
736875,34,175,286,0
736876,34,176,80930,0
736877,34,176,32099,0
736878,34,176,286,0
736879,34,177,186683,0
736880,34,177,7455,0
736881,34,177,5041,0
736882,34,178,13561,0
736883,34,179,95458,0
736884,34,179,191283,0
736885,34,179,2884,0
736886,34,180,16259,0
736887,34,180,35262,0
736888,34,180,7835,0
736889,34,180,29802,0
736890,34,181,2358,0
736891,34,181,24331,0
736892,34,181,189560,0
736893,34,182,639,0
736894,34,182,74775,0
736895,34,182,189849,0
736896,34,183,13570,0
736897,34,184,186603,0
736898,34,184,2060,0
736899,34,184,457,0
736900,34,184,191284,0
736901,34,185,457,0
736902,34,185,6286,0
736903,34,185,120286,0
736904,34,185,16383,0
736905,34,186,457,0
736906,34,186,286,0
736907,34,186,186605,0
736908,34,186,1034,0
736909,34,187,191285,0
736910,34,187,186008,0
736911,34,188,13579,0
736912,34,189,2352,0
736913,34,189,2149,0
736914,34,189,52719,0
736915,34,189,887,0
736916,34,190,13149,0
736917,34,190,189516,0
736918,34,191,191286,0
736919,34,191,29274,0
736920,34,192,10542,0
736921,34,192,47593,0
736922,34,192,191287,0
736923,34,193,13588,0
736924,34,194,186980,0
736925,34,194,2233,0
736926,34,194,191288,0
736927,34,195,191289,0
736928,34,195,191290,0
736929,34,195,1209,0
736930,34,196,191291,0
736931,34,196,191292,0
736932,34,197,186947,0
736933,34,197,7835,0
736934,34,197,19923,0
736935,34,198,13598,0
736936,34,199,191293,0
736937,34,199,39330,0
736938,34,199,286,0
736939,34,200,191294,0
736940,34,200,8941,0
736941,34,200,286,0
736942,34,201,597,0
736943,34,201,286,0
736944,34,201,191295,0
736945,34,201,2132,0
736946,34,202,307,0
736947,34,202,45007,0
736948,34,202,189849,0
736949,34,203,13608,0
736950,34,204,28771,0
736951,34,204,2302,0
736952,34,204,28251,0
736953,34,204,7419,0
736954,34,205,106697,0
736955,34,205,26388,0
736956,34,205,28251,0
736957,34,206,191296,0
736958,34,206,28251,0
736959,34,206,16302,0
736960,34,207,29446,0
736961,34,207,34889,0
736962,34,207,28251,0
736963,34,208,13617,0
736964,34,209,1051,0
736965,34,209,2378,0
736966,34,209,9840,0
736967,34,209,11807,0
736968,34,209,971,0
736969,34,210,40627,0
736970,34,210,9856,0
736971,34,210,8941,0
736972,34,210,286,0
736973,34,211,49504,0
736974,34,211,191297,0
736975,34,212,98967,0
736976,34,212,366,0
736977,34,212,191298,0
736978,34,213,13628,0
736979,34,214,44421,0
736980,34,214,9856,0
736981,34,214,31140,0
736982,34,214,35999,0
736983,34,215,40627,0
736984,34,215,191299,0
736985,34,216,5940,0
736986,34,216,191300,0
736987,34,216,38734,0
736988,34,216,28159,0
736989,34,217,191301,0
736990,34,217,189399,0
736991,34,218,13636,0
736992,34,219,3993,0
736993,34,219,2421,0
736994,34,219,971,0
736995,34,219,19087,0
736996,34,219,968,0
736997,34,220,191302,0
736998,34,220,191303,0
736999,34,221,41222,0
737000,34,221,426,0
737001,34,221,26584,0
737002,34,222,1355,0
737003,34,222,32166,0
737004,34,222,191304,0
737005,34,223,13647,0
737006,34,224,186560,0
737007,34,224,2488,0
737008,34,224,3994,0
737009,34,224,35682,0
737010,34,225,3993,0
737011,34,225,286,0
737012,34,225,186561,0
737013,34,226,9856,0
737014,34,226,86801,0
737015,34,226,35682,0
737016,34,227,9840,0
737017,34,227,35682,0
737018,34,227,96984,0
737019,34,228,13655,0
737020,34,229,58036,0
737021,34,229,2573,0
737022,34,229,1767,0
737023,34,229,921,0
737024,34,230,24358,0
737025,34,230,921,0
737026,34,230,32736,0
737027,34,231,12674,0
737028,34,231,921,0
737029,34,231,191305,0
737030,34,232,30597,0
737031,34,232,921,0
737032,34,232,190372,0
737033,34,233,13664,0
737034,34,234,19944,0
737035,34,234,26845,0
737036,34,234,24818,0
737037,34,235,1176,0
737038,34,235,180893,0
737039,34,235,191306,0
737040,34,236,191307,0
737041,34,236,31976,0
737042,34,236,24818,0
737043,34,237,191308,0
737044,34,237,191309,0
737045,34,238,13674,0
737046,34,239,191310,0
737047,34,239,2646,0
737048,34,239,191311,0
737049,34,240,191312,0
737050,34,240,191309,0
737051,34,241,191313,0
737052,34,241,191314,0
737053,34,242,191315,0
737054,34,242,191316,0
737055,34,243,13683,0
737056,34,244,19448,0
737057,34,244,2723,0
737058,34,244,8313,0
737059,34,244,191317,0
737060,34,245,8474,0
737061,34,245,8952,0
737062,34,245,19448,0
737063,34,246,10691,0
737064,34,246,191318,0
737065,34,246,191319,0
737066,34,247,186852,0
737067,34,247,19448,0
737068,34,248,13691,0
737069,34,249,191320,0
737070,34,249,2777,0
737071,34,249,51124,0
737072,34,249,49895,0
737073,34,250,191321,0
737074,34,250,286,0
737075,34,250,191322,0
737076,34,251,191323,0
737077,34,251,55505,0
737078,34,252,191324,0
737079,34,252,17115,0
737080,34,253,13703,0
737081,34,254,191325,0
737082,34,254,2868,0
737083,34,254,191326,0
737084,34,255,191327,0
737085,34,255,11313,0
737086,34,256,191328,0
737087,34,256,286,0
737088,34,256,32674,0
737089,34,257,191329,0
737090,34,257,26845,0
737091,34,258,13712,0
737092,34,259,39305,0
737093,34,259,191330,0
737094,34,259,286,0
737095,34,260,191331,0
737096,34,260,10417,0
737097,34,260,31690,0
737098,34,261,18066,0
737099,34,261,191332,0
737100,34,261,286,0
737101,34,262,191333,0
737102,34,262,76558,0
737103,34,262,1633,0
737104,34,263,13722,0
737105,34,264,191334,0
737106,34,264,2930,0
737107,34,264,32935,0
737108,34,265,9840,0
737109,34,265,191335,0
737110,34,266,191336,0
737111,34,266,35999,0
737112,34,267,5138,0
737113,34,267,191337,0
737114,34,268,13732,0
737115,34,269,11935,0
737116,34,269,2990,0
737117,34,269,186569,0
737118,34,269,28949,0
737119,34,270,11916,0
737120,34,270,23055,0
737121,34,270,16385,0
737122,34,271,12483,0
737123,34,271,89481,0
737124,34,271,32797,0
737125,34,272,11916,0
737126,34,272,32972,0
737127,34,272,1752,0
737128,34,273,13742,0
737129,34,274,191338,0
737130,34,274,3075,0
737131,34,274,191339,0
737132,34,275,39952,0
737133,34,275,457,0
737134,34,275,191340,0
737135,34,276,310,0
737136,34,276,457,0
737137,34,276,523,0
737138,34,276,24458,0
737139,34,277,34418,0
737140,34,277,457,0
737141,34,277,191341,0
737142,34,278,13755,0
737143,34,279,191342,0
737144,34,279,3170,0
737145,34,279,74299,0
737146,34,279,15944,0
737147,34,280,191342,0
737148,34,280,191343,0
737149,34,281,191344,0
737150,34,281,32751,0
737151,34,281,24358,0
737152,34,282,191345,0
737153,34,282,11115,0
737154,34,283,13768,0
737155,34,284,127348,0
737156,34,284,2685,0
737157,34,284,191346,0
737158,34,285,16416,0
737159,34,285,27285,0
737160,34,285,191347,0
737161,34,286,191348,0
737162,34,286,12904,0
737163,34,286,114671,0
737164,34,287,16416,0
737165,34,287,191349,0
737166,34,287,191350,0
737167,34,288,13779,0
737168,34,289,137817,0
737169,34,289,3217,0
737170,34,289,2517,0
737171,34,289,191351,0
737172,34,290,6402,0
737173,34,290,286,0
737174,34,290,191352,0
737175,34,291,191353,0
737176,34,291,286,0
737177,34,291,4641,0
737178,34,291,191354,0
737179,34,292,100591,0
737180,34,292,191355,0
737181,34,293,13789,0
737182,34,294,32389,0
737183,34,294,3300,0
737184,34,294,28184,0
737185,34,294,191356,0
737186,34,295,121930,0
737187,34,295,28159,0
737188,34,295,191357,0
737189,34,296,74299,0
737190,34,296,191358,0
737191,34,296,286,0
737192,34,297,191359,0
737193,34,297,191309,0
737194,34,298,13800,0
737195,34,299,191360,0
737196,34,299,9038,0
737197,34,299,3474,0
737198,34,300,191361,0
737199,34,300,9038,0
737200,34,300,30597,0
737201,34,301,133126,0
737202,34,301,286,0
737203,34,301,9038,0
737204,34,301,33919,0
737205,34,302,9038,0
737206,34,302,190707,0
737207,34,302,191362,0
737208,34,303,13813,0
737209,34,304,191363,0
737210,34,304,3378,0
737211,34,304,9038,0
737212,34,304,17564,0
737213,34,305,191364,0
737214,34,305,9038,0
737215,34,305,4922,0
737216,34,306,16302,0
737217,34,306,9038,0
737218,34,306,191365,0
737219,34,307,9038,0
737220,34,307,108000,0
737221,34,307,191366,0
737222,34,307,286,0
737223,34,308,13827,0
737224,34,309,108165,0
737225,34,309,3465,0
737226,34,309,2004,0
737227,34,309,2884,0
737228,34,310,5253,0
737229,34,310,95033,0
737230,34,310,2004,0
737231,34,311,191367,0
737232,34,311,191368,0
737233,34,312,77639,0
737234,34,312,89408,0
737235,34,312,2004,0
737236,34,313,13841,0
737237,34,314,31,0
737238,34,314,3502,0
737239,34,314,189835,0
737240,34,314,53399,0
737241,34,315,160684,0
737242,34,315,191369,0
737243,34,316,189835,0
737244,34,316,1,0
737245,34,316,158663,0
737246,34,317,160684,0
737247,34,317,191370,0
737248,34,317,286,0
737249,34,318,13856,0
737250,34,319,28059,0
737251,34,319,11036,0
737252,34,319,31690,0
737253,34,319,5881,0
737254,34,320,191371,0
737255,34,320,16835,0
737256,34,320,40265,0
737257,34,321,48254,0
737258,34,321,34889,0
737259,34,321,15479,0
737260,34,322,36964,0
737261,34,322,191372,0
737262,34,322,6806,0
737263,34,323,13870,0
737264,34,324,36964,0
737265,34,324,3564,0
737266,34,324,11036,0
737267,34,324,191373,0
737268,34,325,33110,0
737269,34,325,30069,0
737270,34,325,191374,0
737271,34,326,191375,0
737272,34,327,36964,0
737273,34,327,191376,0
737274,34,327,6806,0
737275,34,328,13882,0
737276,34,329,191377,0
737277,34,329,3631,0
737278,34,329,191378,0
737279,34,330,6806,0
737280,34,330,51638,0
737281,34,330,3978,0
737282,34,330,186209,0
737283,34,331,93512,0
737284,34,331,7747,0
737285,34,331,88101,0
737286,34,332,2462,0
737287,34,332,191379,0
737288,34,333,13897,0
737289,34,334,191380,0
737290,34,334,3709,0
737291,34,334,389,0
737292,34,335,186002,0
737293,34,335,191381,0
737294,34,336,191382,0
737295,34,336,27150,0
737296,34,337,191377,0
737297,34,337,132545,0
737298,34,338,13900,0
737299,34,339,191383,0
737300,34,339,191384,0
737301,34,340,186213,0
737302,34,340,18042,0
737303,34,340,3988,0
737304,34,341,191385,0
737305,34,342,165487,0
737306,34,342,186215,0
737307,34,343,13908,0
737308,34,344,191386,0
737309,34,344,3796,0
737310,34,344,191387,0
737311,34,345,191388,0
737312,34,345,191389,0
737313,34,346,191390,0
737314,34,346,286,0
737315,34,346,335,0
737316,34,346,286,0
737317,34,347,57428,0
737318,34,347,6806,0
737319,34,347,51638,0
737320,34,347,1948,0
737321,34,348,13911,0
737322,34,349,191391,0
737323,34,349,3902,0
737324,34,349,14381,0
737325,34,349,5449,0
737326,34,350,186231,0
737327,34,350,191392,0
737328,34,351,5940,0
737329,34,351,12193,0
737330,34,351,1209,0
737331,34,351,143,0
737332,34,352,3978,0
737333,34,352,88101,0
737334,34,352,186209,0
737335,34,353,13925,0
737336,34,354,191393,0
737337,34,355,191394,0
737338,34,355,286,0
737339,34,355,17482,0
737340,34,356,191395,0
737341,34,357,7747,0
737342,34,357,88101,0
737343,34,357,93512,0
737344,34,358,13936,0
737345,34,359,186217,0
737346,34,359,4007,0
737347,34,359,191396,0
737348,34,360,11313,0
737349,34,360,2517,0
737350,34,360,191397,0
737351,34,361,31289,0
737352,34,361,191398,0
737353,34,361,189869,0
737354,34,362,7747,0
737355,34,362,88101,0
737356,34,362,15724,0
737357,34,363,13949,0
737358,34,364,191399,0
737359,34,364,4094,0
737360,34,364,169738,0
737361,34,365,191400,0
737362,34,365,191401,0
737363,34,366,1914,0
737364,34,366,191402,0
737365,34,366,189387,0
737366,34,367,1914,0
737367,34,367,34628,0
737368,34,367,186946,0
737369,34,368,13965,0
737370,34,369,63936,0
737371,34,369,9543,0
737372,34,369,31511,0
737373,34,370,191403,0
737374,34,371,191404,0
737375,34,371,191405,0
737376,34,372,191406,0
737377,34,372,426,0
737378,34,372,24696,0
737379,34,373,13979,0
737380,34,374,457,0
737381,34,374,4181,0
737382,34,374,286,0
737383,34,374,191407,0
737384,34,374,14323,0
737385,34,375,457,0
737386,34,375,286,0
737387,34,375,186507,0
737388,34,375,35718,0
737389,34,376,191408,0
737390,34,376,33919,0
737391,34,377,457,0
737392,34,377,286,0
737393,34,377,2713,0
737394,34,377,238,0
737395,34,377,2004,0
737396,34,378,13992,0
737397,34,379,191409,0
737398,34,379,4264,0
737399,34,379,6184,0
737400,34,380,191410,0
737401,34,380,31976,0
737402,34,381,191411,0
737403,34,381,76179,0
737404,34,382,191412,0
737405,34,382,31690,0
737406,34,383,14004,0
737407,34,384,191413,0
737408,34,384,24358,0
737409,34,385,191414,0
737410,34,385,1027,0
737411,34,385,30070,0
737412,34,386,307,0
737413,34,386,187165,0
737414,34,386,187166,0
737415,34,387,187167,0
737416,34,387,191415,0
737417,34,387,378,0
737418,34,388,14020,0
737419,34,389,11084,0
737420,34,389,4304,0
737421,34,389,187276,0
737422,34,389,16302,0
737423,34,390,10861,0
737424,34,390,5565,0
737425,34,390,187279,0
737426,34,391,190011,0
737427,34,391,191358,0
737428,34,391,286,0
737429,34,392,191416,0
737430,34,392,957,0
737431,34,393,14036,0
737432,34,394,190377,0
737433,34,394,4340,0
737434,34,394,187177,0
737435,34,395,81776,0
737436,34,395,86729,0
737437,34,396,1251,0
737438,34,396,189951,0
737439,34,396,135075,0
737440,34,397,187180,0
737441,34,397,190379,0
737442,34,398,14046,0
737443,34,399,187189,0
737444,34,399,4427,0
737445,34,399,35546,0
737446,34,399,58604,0
737447,34,400,191417,0
737448,34,400,191418,0
737449,34,401,187191,0
737450,34,401,32691,0
737451,34,401,58604,0
737452,34,402,187192,0
737453,34,402,286,0
737454,34,402,187193,0
737455,34,403,14052,0
737456,34,404,191419,0
737457,34,404,2884,0
737458,34,405,191420,0
737459,34,405,286,0
737460,34,405,12283,0
737461,34,406,191421,0
737462,34,406,5138,0
737463,34,406,191422,0
737464,34,407,191423,0
737465,34,407,27021,0
737466,34,407,16343,0
737467,34,408,14061,0
737468,34,409,191424,0
737469,34,409,4483,0
737470,34,409,2666,0
737471,34,409,20945,0
737472,34,410,26270,0
737473,34,410,8798,0
737474,34,410,5138,0
737475,34,411,7636,0
737476,34,411,191425,0
737477,34,412,74299,0
737478,34,412,79733,0
737479,34,413,14068,0
737480,34,414,191426,0
737481,34,414,4558,0
737482,34,414,7835,0
737483,34,414,191427,0
737484,34,415,191428,0
737485,34,415,5138,0
737486,34,416,191429,0
737487,34,416,168053,0
737488,34,417,457,0
737489,34,417,191430,0
737490,34,417,457,0
737491,34,417,191431,0
737492,34,418,14077,0
737493,34,419,191432,0
737494,34,419,1117,0
737495,34,419,4016,0
737496,34,420,191433,0
737497,34,420,59633,0
737498,34,420,1117,0
737499,34,421,17366,0
737500,34,421,191434,0
737501,34,422,7072,0
737502,34,422,76982,0
737503,34,422,1117,0
737504,34,423,14082,0
737505,34,424,191435,0
737506,34,424,4591,0
737507,34,424,191436,0
737508,34,424,7835,0
737509,34,425,17326,0
737510,34,425,6734,0
737511,34,425,191437,0
737512,34,426,12378,0
737513,34,426,191438,0
737514,34,426,286,0
737515,34,427,9249,0
737516,34,427,286,0
737517,34,427,36343,0
737518,34,428,14091,0
737519,34,429,33184,0
737520,34,429,4668,0
737521,34,429,191439,0
737522,34,430,191440,0
737523,34,430,4817,0
737524,34,431,40951,0
737525,34,431,191441,0
737526,34,431,286,0
737527,34,432,32880,0
737528,34,432,541,0
737529,34,432,1209,0
737530,34,433,14102,0
737531,34,434,191442,0
737532,34,435,191443,0
737533,34,436,191444,0
737534,34,436,1948,0
737535,34,436,1163,0
737536,34,437,191445,0
737537,34,437,3243,0
737538,34,438,14114,0
737539,34,439,971,0
737540,34,439,8083,0
737541,34,439,161630,0
737542,34,440,191446,0
737543,34,440,191447,0
737544,34,441,4703,0
737545,34,441,17501,0
737546,34,441,968,0
737547,34,442,191301,0
737548,34,442,189399,0
737549,34,443,14132,0
737550,34,444,191448,0
737551,34,444,4808,0
737552,34,444,147883,0
737553,34,445,191449,0
737554,34,445,26920,0
737555,34,446,18909,0
737556,34,446,12464,0
737557,34,446,24318,0
737558,34,447,28527,0
737559,34,447,10413,0
737560,34,447,43422,0
737561,34,448,14146,0
737562,34,449,69815,0
737563,34,449,4870,0
737564,34,449,191450,0
737565,34,449,143,0
737566,34,450,143,0
737567,34,450,18641,0
737568,34,450,191451,0
737569,34,451,9856,0
737570,34,451,18245,0
737571,34,451,636,0
737572,34,451,971,0
737573,34,452,1,0
737574,34,452,191452,0
737575,34,452,31976,0
737576,34,453,14164,0
737577,34,454,191453,0
737578,34,454,191454,0
737579,34,455,191455,0
737580,34,455,191456,0
737581,34,456,37989,0
737582,34,456,191457,0
737583,34,457,191458,0
737584,34,457,11313,0
737585,34,458,14186,0
737586,34,459,191459,0
737587,34,459,4935,0
737588,34,459,191460,0
737589,34,460,191461,0
737590,34,460,191462,0
737591,34,461,1703,0
737592,34,461,2713,0
737593,34,461,1633,0
737594,34,461,968,0
737595,34,462,58441,0
737596,34,462,11532,0
737597,34,462,68924,0
737598,34,463,14197,0
737599,34,464,14746,0
737600,34,464,4990,0
737601,34,464,191463,0
737602,34,464,12674,0
737603,34,465,155803,0
737604,34,465,191464,0
737605,34,465,5138,0
737606,34,466,158082,0
737607,34,466,191464,0
737608,34,466,672,0
737609,34,467,11011,0
737610,34,467,184840,0
737611,34,468,14207,0
737612,34,469,191465,0
737613,34,469,569,0
737614,34,469,92160,0
737615,34,470,191428,0
737616,34,470,5138,0
737617,34,471,2289,0
737618,34,471,191466,0
737619,34,471,971,0
737620,34,472,2290,0
737621,34,472,40,0
737622,34,472,191467,0
737623,34,472,5041,0
737624,34,473,15855,0
737625,34,474,191468,0
737626,34,474,5034,0
737627,34,474,191469,0
737628,34,475,191470,0
737629,34,475,9038,0
737630,34,475,191471,0
737631,34,476,191472,0
737632,34,476,191422,0
737633,34,476,38734,0
737634,34,476,9038,0
737635,34,476,4922,0
737636,34,477,191473,0
737637,34,477,9038,0
737638,34,477,12378,0
737639,34,478,15859,0
737640,34,479,187211,0
737641,34,479,5087,0
737642,34,479,187212,0
737643,34,480,38862,0
737644,34,480,191474,0
737645,34,481,187215,0
737646,34,481,5041,0
737647,34,481,54925,0
737648,34,482,96215,0
737649,34,482,286,0
737650,34,482,6104,0
737651,34,483,15868,0
737652,34,484,39076,0
737653,34,484,5140,0
737654,34,484,32125,0
737655,34,484,19371,0
737656,34,485,39076,0
737657,34,485,191475,0
737658,34,486,39076,0
737659,34,486,191476,0
737660,34,486,191477,0
737661,34,487,39076,0
737662,34,487,12333,0
737663,34,487,191478,0
737664,34,488,15873,0
737665,34,489,191479,0
737666,34,489,5209,0
737667,34,489,39076,0
737668,34,489,12674,0
737669,34,490,180381,0
737670,34,490,11313,0
737671,34,490,39076,0
737672,34,491,39076,0
737673,34,491,37979,0
737674,34,491,95073,0
737675,34,492,66975,0
737676,34,492,66015,0
737677,34,492,39076,0
737678,34,493,15880,0
737679,34,494,27474,0
737680,34,494,5275,0
737681,34,494,18092,0
737682,34,494,31511,0
737683,34,495,191480,0
737684,34,495,191481,0
737685,34,495,31690,0
737686,34,496,191482,0
737687,34,496,27583,0
737688,34,496,8083,0
737689,34,497,191483,0
737690,34,497,12969,0
737691,34,497,19368,0
737692,34,498,15887,0
737693,34,499,191484,0
737694,34,499,12475,0
737695,34,500,12969,0
737696,34,500,37839,0
737697,34,500,191485,0
737698,34,501,51124,0
737699,34,501,86801,0
737700,34,501,40188,0
737701,34,502,27583,0
737702,34,502,191486,0
737703,34,503,15896,0
737704,34,504,191487,0
737705,34,504,5331,0
737706,34,504,191488,0
737707,34,505,191489,0
737708,34,506,187226,0
737709,34,507,14708,0
737710,34,507,187227,0
737711,34,508,15901,0
737712,34,509,187219,0
737713,34,510,191490,0
737714,34,511,187221,0
737715,34,511,191491,0
737716,34,512,191492,0
737717,34,512,52931,0
737718,34,513,15908,0
737719,34,514,191493,0
737720,34,515,8615,0
737721,34,515,23890,0
737722,34,516,187121,0
737723,34,517,14708,0
737724,34,517,186606,0
737725,34,517,52931,0
737726,34,518,15915,0
737727,34,519,191494,0
737728,34,519,5439,0
737729,34,519,191495,0
737730,34,520,187229,0
737731,34,520,187230,0
737732,34,521,36108,0
737733,34,521,191496,0
737734,34,522,22541,0
737735,34,522,551,0
737736,34,522,92140,0
737737,34,523,15921,0
737738,34,524,191497,0
737739,34,525,36898,0
737740,34,525,191498,0
737741,34,526,187234,0
737742,34,527,191499,0
737743,34,527,52931,0
737744,34,528,15924,0
737745,34,529,191500,0
737746,34,529,5548,0
737747,34,529,191501,0
737748,34,530,191502,0
737749,34,531,21451,0
737750,34,531,191503,0
737751,34,531,87208,0
737752,34,531,286,0
737753,34,532,14708,0
737754,34,532,52659,0
737755,34,532,52931,0
737756,34,533,15931,0
737757,34,534,191345,0
737758,34,534,191504,0
737759,34,535,186313,0
737760,34,535,191505,0
737761,34,536,335,0
737762,34,536,286,0
737763,34,536,191506,0
737764,34,537,39253,0
737765,34,537,5940,0
737766,34,537,27665,0
737767,34,538,15938,0
737768,34,539,191507,0
737769,34,539,5609,0
737770,34,539,191508,0
737771,34,540,57607,0
737772,34,540,23890,0
737773,34,541,58943,0
737774,34,541,7455,0
737775,34,541,329,0
737776,34,542,76680,0
737777,34,542,5940,0
737778,34,542,27665,0
737779,34,543,15942,0
737780,34,544,971,0
737781,34,544,5700,0
737782,34,544,968,0
737783,34,544,4652,0
737784,34,544,3025,0
737785,34,545,24238,0
737786,34,545,1,0
737787,34,545,673,0
737788,34,545,2511,0
737789,34,546,186628,0
737790,34,546,186629,0
737791,34,547,34823,0
737792,34,547,184840,0
737793,34,548,16742,0
737794,34,549,191509,0
737795,34,549,69102,0
737796,34,550,30280,0
737797,34,550,5345,0
737798,34,550,191510,0
737799,34,551,186630,0
737800,34,551,6265,0
737801,34,552,191511,0
737802,34,552,184840,0
